{
  "group": "moreitemsmod6",
  "type": "minecraft:crafting_shaped",
  "pattern": [
    "012",
    "345",
    "678"
  ],
  "key": {
    "0": {
      "item": "minecraft:diamond"
    },
    "1": {
      "item": "minecraft:iron_ingot"
    },
    "2": {
      "item": "minecraft:diamond"
    },
    "3": {
      "item": "minecraft:iron_ingot"
    },
    "4": {
      "item": "minecraft:gold_ingot"
    },
    "5": {
      "item": "minecraft:iron_ingot"
    },
    "6": {
      "item": "minecraft:iron_ingot"
    },
    "7": {
      "item": "minecraft:redstone_block"
    },
    "8": {
      "item": "minecraft:iron_ingot"
    }
  },
  "result": {
    "item": "moreitemsmod6:runy_block",
    "count": 8
  }
}