{
  "group": "moreitemsmod6",
  "type": "minecraft:crafting_shaped",
  "pattern": [
    "012",
    " 45",
    "6  "
  ],
  "key": {
    "0": {
      "item": "moreitemsmod6:ruby"
    },
    "1": {
      "item": "moreitemsmod6:ruby"
    },
    "2": {
      "item": "moreitemsmod6:ruby"
    },
    "4": {
      "item": "minecraft:stick"
    },
    "5": {
      "item": "moreitemsmod6:ruby"
    },
    "6": {
      "item": "minecraft:stick"
    }
  },
  "result": {
    "item": "moreitemsmod6:ruby_hoe",
    "count": 1
  }
}